{
  "_fv": 33,
  "_type": "armor",
  "definition": {
    "enableHelmet": true,
    "textureHelmet": "activated_head",
    "enableBody": true,
    "textureBody": "activated_body",
    "enableLeggings": true,
    "textureLeggings": "activated_leggings",
    "enableBoots": true,
    "textureBoots": "activated_boots",
    "creativeTab": {
      "value": "COMBAT"
    },
    "armorTextureFile": "activated",
    "helmetName": "Activated Lightium Helmet",
    "bodyName": "Activated Lightium Chestplate",
    "leggingsName": "Activated Lightium Leggings",
    "bootsName": "Activated Lightium Boots",
    "helmetSpecialInfo": [],
    "bodySpecialInfo": [],
    "leggingsSpecialInfo": [],
    "bootsSpecialInfo": [],
    "helmetModelName": "Default",
    "helmetModelPart": "Helmet",
    "helmetModelTexture": "From armor",
    "bodyModelName": "Default",
    "bodyModelPart": "Body",
    "armsModelPartL": "Arms L",
    "armsModelPartR": "Arms R",
    "bodyModelTexture": "From armor",
    "leggingsModelName": "Default",
    "leggingsModelPartL": "Leggings L",
    "leggingsModelPartR": "Leggings R",
    "leggingsModelTexture": "From armor",
    "bootsModelName": "Default",
    "bootsModelPartL": "Boots L",
    "bootsModelPartR": "Boots R",
    "bootsModelTexture": "From armor",
    "helmetImmuneToFire": false,
    "bodyImmuneToFire": false,
    "leggingsImmuneToFire": false,
    "bootsImmuneToFire": false,
    "maxDamage": 37,
    "damageValueHelmet": 4,
    "damageValueBody": 10,
    "damageValueLeggings": 12,
    "damageValueBoots": 4,
    "enchantability": 30,
    "toughness": 3.5,
    "knockbackResistance": 0.0,
    "equipSound": {
      "value": ""
    },
    "repairItems": [
      {
        "value": "CUSTOM:ActivatedLightiumIngot"
      }
    ]
  }
}