{
  "_fv": 33,
  "_type": "fluid",
  "definition": {
    "name": "Unstable Fluid",
    "bucketName": "Unstable Fluid Bucket",
    "textureStill": "unstablefluid",
    "textureFlowing": "unstablefluid",
    "tintType": "No tint",
    "canMultiply": true,
    "flowRate": 3,
    "levelDecrease": 1,
    "slopeFindDistance": 4,
    "spawnParticles": false,
    "dripParticle": {
      "value": "EXPLOSION_NORMAL"
    },
    "flowStrength": 1.0,
    "luminosity": 0,
    "density": 1000,
    "viscosity": 2000,
    "isGas": false,
    "temperature": 900,
    "type": "WATER",
    "generateBucket": true,
    "textureBucket": "unstablebucket",
    "creativeTab": {
      "value": "MISC"
    },
    "emptySound": {
      "value": ""
    },
    "rarity": "COMMON",
    "specialInfo": [
      "You feel it shake in your hands."
    ],
    "resistance": 100.0,
    "luminance": 15,
    "lightOpacity": 1,
    "emissiveRendering": false,
    "tickRate": 10,
    "flammability": 0,
    "fireSpreadSpeed": 0,
    "colorOnMap": "DEFAULT",
    "frequencyOnChunks": 5,
    "spawnWorldTypes": [],
    "restrictionBiomes": []
  }
}