{
  "_fv": 33,
  "_type": "dimension",
  "definition": {
    "biomesInDimension": [
      {
        "value": "CUSTOM:Unstable"
      }
    ],
    "worldGenType": "Nether like gen",
    "mainFillerBlock": {
      "value": "CUSTOM:ActivatedLightiumBlock"
    },
    "fluidBlock": {
      "value": "CUSTOM:UnstableFluid"
    },
    "airColor": {
      "value": -52,
      "falpha": 0.0
    },
    "canRespawnHere": true,
    "hasFog": false,
    "isDark": false,
    "doesWaterVaporize": false,
    "sleepResult": "ALLOW",
    "hasSkyLight": true,
    "imitateOverworldBehaviour": false,
    "onPlayerEntersDimension": {
      "name": "FixBedrock"
    },
    "portalFrame": {
      "value": "CUSTOM:ActivatedLightiumBlock"
    },
    "portalParticles": {
      "value": "SPIT"
    },
    "portalLuminance": 15,
    "portalSound": {
      "value": "block.portal.ambient"
    },
    "igniterName": "Unstable Core",
    "igniterTab": {
      "value": "TOOLS"
    },
    "texture": "unstablecore",
    "portalTexture": "unstablefluid",
    "enablePortal": true
  }
}