{
  "type": "minecraft:crafting_shaped",
  "pattern": [
    "01 ",
    "345",
    " 78"
  ],
  "key": {
    "0": {
      "item": "the_massive_mod:activated_lightium_block"
    },
    "1": {
      "item": "the_massive_mod:activated_lightium_ingot"
    },
    "3": {
      "item": "the_massive_mod:activated_lightium_ingot"
    },
    "4": {
      "item": "the_massive_mod:unactivated_lightium_dust"
    },
    "5": {
      "item": "the_massive_mod:activated_lightium_ingot"
    },
    "7": {
      "item": "the_massive_mod:activated_lightium_ingot"
    },
    "8": {
      "item": "the_massive_mod:activated_lightium_block"
    }
  },
  "result": {
    "item": "the_massive_mod:unstable_plane",
    "count": 1
  }
}